"","X1","X2","FEDENAME","FEDNAME","FEDFNAME","PRNAME"
"0",-73.6106657471254,45.5105481961448,"Outremont","Outremont","Outremont","Quebec / Québec"
"1",-73.6184023876385,45.5465368755449,"Papineau","Papineau","Papineau","Quebec / Québec"
"2",-73.8194952525036,45.4942996124254,"Pierrefonds--Dollard","Pierrefonds--Dollard","Pierrefonds--Dollard","Quebec / Québec"
"3",-76.582090454804,46.6014664805622,"Pontiac","Pontiac","Pontiac","Quebec / Québec"
"4",-71.8670220496937,47.1282982750556,"Portneuf--Jacques-Cartier","Portneuf--Jacques-Cartier","Portneuf--Jacques-Cartier","Quebec / Québec"
"5",-71.2703252605695,46.8093895241379,"Québec","Québec","Québec","Quebec / Québec"
"6",-73.4341959703818,45.8234476924747,"Repentigny","Repentigny","Repentigny","Quebec / Québec"
"7",-71.9407349247358,45.8535912920052,"Richmond--Arthabaska","Richmond--Arthabaska","Richmond--Arthabaska","Quebec / Québec"
"8",-73.9031870009754,45.5906040663535,"Rivière-des-Mille-Îles","Rivière-des-Mille-Îles","Rivière-des-Mille-Îles","Quebec / Québec"
"9",-73.5915312222677,45.4464593691067,"LaSalle--Émard--Verdun","LaSalle--Émard--Verdun","LaSalle--Émard--Verdun","Quebec / Québec"
"10",-75.0842564788015,46.7787562151153,"Laurentides--Labelle","Laurentides--Labelle","Laurentides--Labelle","Quebec / Québec"
"11",-73.5664462037046,45.5261141798378,"Laurier--Sainte-Marie","Laurier--Sainte-Marie","Laurier--Sainte-Marie","Quebec / Québec"
"12",-73.8201304352492,45.5396070798928,"Laval--Les Îles","Laval--Les Îles","Laval--Les Îles","Quebec / Québec"
"13",-73.4487001756542,45.4883530933078,"Longueuil--Charles-LeMoyne","Longueuil--Charles-LeMoyne","Longueuil--Charles-LeMoyne","Quebec / Québec"
"14",-71.4954046256476,46.5253757969272,"Lévis--Lotbinière","Lévis--Lotbinière","Lévis--Lotbinière","Quebec / Québec"
"15",-73.4460345967372,45.5342394834452,"Longueuil--Saint-Hubert","Longueuil--Saint-Hubert","Longueuil--Saint-Hubert","Quebec / Québec"
"16",-71.3656100783751,46.7815401888967,"Louis-Hébert","Louis-Hébert","Louis-Hébert","Quebec / Québec"
"17",-71.4093566621256,46.8473568395775,"Louis-Saint-Laurent","Louis-Saint-Laurent","Louis-Saint-Laurent","Quebec / Québec"
"18",-65.8706895155753,51.5524577910489,"Manicouagan","Manicouagan","Manicouagan","Quebec / Québec"
"19",-71.2152194610123,45.9039287334591,"Mégantic--L'Érable","Mégantic--L'Érable","Mégantic--L'Érable","Quebec / Québec"
"20",-74.046611815151,45.6474815528205,"Mirabel","Mirabel","Mirabel","Quebec / Québec"
"21",-73.3275623495668,45.5441627506175,"Montarville","Montarville","Montarville","Quebec / Québec"
"22",-73.6794077738085,45.9002399274513,"Montcalm","Montcalm","Montcalm","Quebec / Québec"
"23",-69.8615390943014,47.2506181820736,"Montmagny--L'Islet--Kamouraska--Rivière-du-Loup","Montmagny--L'Islet--Kamouraska--Rivière-du-Loup","Montmagny--L'Islet--Kamouraska--Rivière-du-Loup","Quebec / Québec"
"24",-73.6042571996125,45.5828855116503,"Saint-Léonard--Saint-Michel","Saint-Léonard--Saint-Michel","Saint-Léonard--Saint-Michel","Quebec / Québec"
"25",-73.8140631375122,47.816848608108,"Saint-Maurice--Champlain","Saint-Maurice--Champlain","Saint-Maurice--Champlain","Quebec / Québec"
"26",-74.0121384835359,45.0995462390804,"Salaberry--Suroît","Salaberry--Suroît","Salaberry--Suroît","Quebec / Québec"
"27",-72.6294293812877,45.4286882502958,"Shefford","Shefford","Shefford","Quebec / Québec"
"28",-71.902020231389,45.4062714590768,"Sherbrooke","Sherbrooke","Sherbrooke","Quebec / Québec"
"29",-74.1788340684473,45.4160476642017,"Vaudreuil--Soulanges","Vaudreuil--Soulanges","Vaudreuil--Soulanges","Quebec / Québec"
"30",-73.6862973888343,45.7333738725618,"Terrebonne","Terrebonne","Terrebonne","Quebec / Québec"
"31",-72.616476216272,46.3601020392664,"Trois-Rivières","Trois-Rivières","Trois-Rivières","Quebec / Québec"
"32",-73.5677714245755,45.491528580086,"Ville-Marie--Le Sud-Ouest--Île-des-Soeurs","Ville-Marie--Le Sud-Ouest--Île-des-Soeurs","Ville-Marie--Le Sud-Ouest--Île-des-Soeurs","Quebec / Québec"
"33",-73.731760551471,45.5611008539559,"Vimy","Vimy","Vimy","Quebec / Québec"
"34",-80.107424997934,43.9828254199267,"Dufferin--Caledon","Dufferin--Caledon","Dufferin--Caledon","Ontario"
"35",-78.8591708741507,44.0574819323518,"Durham","Durham","Durham","Ontario"
"36",-81.2017148417078,42.7842091119335,"Elgin--Middlesex--London","Elgin--Middlesex--London","Elgin--Middlesex--London","Ontario"
"37",-82.8474789136053,42.14521964177,"Essex","Essex","Essex","Ontario"
"38",-79.552537678517,43.664414140736,"Etobicoke Centre","Etobicoke Centre / Etobicoke-Centre","Etobicoke-Centre","Ontario"
"39",-79.5208350363192,43.6217369785987,"Etobicoke--Lakeshore","Etobicoke--Lakeshore","Etobicoke--Lakeshore","Ontario"
"40",-79.5845609584669,43.7194437008674,"Etobicoke North","Etobicoke North / Etobicoke-Nord","Etobicoke-Nord","Ontario"
"41",-53.4138161588198,47.1325939585272,"Avalon","Avalon","Avalon","Newfoundland and Labrador / Terre-Neuve-et-Labrador"
"42",-54.2472324771373,48.1402649819849,"Bonavista--Burin--Trinity","Bonavista--Burin--Trinity","Bonavista--Burin--Trinity","Newfoundland and Labrador / Terre-Neuve-et-Labrador"
"43",-55.9039179641652,48.645931781678,"Coast of Bays--Central--Notre Dame","Coast of Bays--Central--Notre Dame","Coast of Bays--Central--Notre Dame","Newfoundland and Labrador / Terre-Neuve-et-Labrador"
"44",-62.0206781460437,54.2513868499476,"Labrador","Labrador","Labrador","Newfoundland and Labrador / Terre-Neuve-et-Labrador"
"45",-57.4871057780386,49.3303527285866,"Long Range Mountains","Long Range Mountains","Long Range Mountains","Newfoundland and Labrador / Terre-Neuve-et-Labrador"
"46",-52.7774455646097,47.6486775032635,"St. John's East","St. John's East / St. John's-Est","St. John's-Est","Newfoundland and Labrador / Terre-Neuve-et-Labrador"
"47",-52.8046713759148,47.4411859985372,"St. John's South--Mount Pearl","St. John's South--Mount Pearl / St. John's-Sud--Mount Pearl","St. John's-Sud--Mount Pearl","Newfoundland and Labrador / Terre-Neuve-et-Labrador"
"48",-62.645772951652,46.2562717384556,"Cardigan","Cardigan","Cardigan","Prince Edward Island / Île-du-Prince-Édouard"
"49",-63.1350682841383,46.266390585556,"Charlottetown","Charlottetown","Charlottetown","Prince Edward Island / Île-du-Prince-Édouard"
"50",-64.0820019766964,46.6729257596501,"Egmont","Egmont","Egmont","Prince Edward Island / Île-du-Prince-Édouard"
"51",-63.4299133944976,46.3453028470179,"Malpeque","Malpeque","Malpeque","Prince Edward Island / Île-du-Prince-Édouard"
"52",-60.8245194629691,45.9913510930333,"Cape Breton--Canso","Cape Breton--Canso","Cape Breton--Canso","Nova Scotia / Nouvelle-Écosse"
"53",-62.5797826841149,45.2478056772911,"Central Nova","Central Nova / Nova-Centre","Nova-Centre","Nova Scotia / Nouvelle-Écosse"
"54",-63.7476079654992,45.5424127653472,"Cumberland--Colchester","Cumberland--Colchester","Cumberland--Colchester","Nova Scotia / Nouvelle-Écosse"
"55",-63.54291673114,44.684576017885,"Dartmouth--Cole Harbour","Dartmouth--Cole Harbour","Dartmouth--Cole Harbour","Nova Scotia / Nouvelle-Écosse"
"56",-63.606123085039,44.5563939760651,"Halifax","Halifax","Halifax","Nova Scotia / Nouvelle-Écosse"
"57",-63.7509336453965,44.7258281541624,"Halifax West","Halifax West / Halifax-Ouest","Halifax-Ouest","Nova Scotia / Nouvelle-Écosse"
"58",-64.030338908478,45.0520245374683,"Kings--Hants","Kings--Hants","Kings--Hants","Nova Scotia / Nouvelle-Écosse"
"59",-63.514205467931,44.7853921756378,"Sackville--Preston--Chezzetcook","Sackville--Preston--Chezzetcook","Sackville--Preston--Chezzetcook","Nova Scotia / Nouvelle-Écosse"
"60",-64.8300082867694,44.2378728527436,"South Shore--St. Margarets","South Shore--St. Margarets","South Shore--St. Margarets","Nova Scotia / Nouvelle-Écosse"
"61",-60.6575578772975,46.5392805630748,"Sydney--Victoria","Sydney--Victoria","Sydney--Victoria","Nova Scotia / Nouvelle-Écosse"
"62",-65.4779777978992,44.4396177623282,"West Nova","West Nova / Nova-Ouest","Nova-Ouest","Nova Scotia / Nouvelle-Écosse"
"63",-65.5218084162157,47.5787121869996,"Acadie--Bathurst","Acadie--Bathurst","Acadie--Bathurst","New Brunswick / Nouveau-Brunswick"
"64",-64.6128218742159,46.251153115956,"Beauséjour","Beauséjour","Beauséjour","New Brunswick / Nouveau-Brunswick"
"65",-66.3482866703718,45.9668169103578,"Fredericton","Fredericton","Fredericton","New Brunswick / Nouveau-Brunswick"
"66",-65.3561547814979,45.7975175389784,"Fundy Royal","Fundy Royal","Fundy Royal","New Brunswick / Nouveau-Brunswick"
"67",-67.3965543926061,47.6444732550759,"Madawaska--Restigouche","Madawaska--Restigouche","Madawaska--Restigouche","New Brunswick / Nouveau-Brunswick"
"68",-65.9083613359599,46.8259737974235,"Miramichi--Grand Lake","Miramichi--Grand Lake","Miramichi--Grand Lake","New Brunswick / Nouveau-Brunswick"
"69",-64.8090195461554,46.1111946702559,"Moncton--Riverview--Dieppe","Moncton--Riverview--Dieppe","Moncton--Riverview--Dieppe","New Brunswick / Nouveau-Brunswick"
"70",-66.6520708990054,45.5539978539142,"New Brunswick Southwest","New Brunswick Southwest / Nouveau-Brunswick-Sud-Ouest","Nouveau-Brunswick-Sud-Ouest","New Brunswick / Nouveau-Brunswick"
"71",-66.0379615109384,45.2791610861362,"Saint John--Rothesay","Saint John--Rothesay","Saint John--Rothesay","New Brunswick / Nouveau-Brunswick"
"72",-67.2401276957486,46.5699747068106,"Tobique--Mactaquac","Tobique--Mactaquac","Tobique--Mactaquac","New Brunswick / Nouveau-Brunswick"
"73",-73.1063678205866,55.7630160503774,"Abitibi--Baie-James--Nunavik--Eeyou","Abitibi--Baie-James--Nunavik--Eeyou","Abitibi--Baie-James--Nunavik--Eeyou","Quebec / Québec"
"74",-78.5337754592959,47.7991918376768,"Abitibi--Témiscamingue","Abitibi--Témiscamingue","Abitibi--Témiscamingue","Quebec / Québec"
"75",-73.6799287931504,45.5411149389644,"Ahuntsic-Cartierville","Ahuntsic-Cartierville","Ahuntsic-Cartierville","Quebec / Québec"
"76",-73.6634722264685,45.6455273135116,"Alfred-Pellan","Alfred-Pellan","Alfred-Pellan","Quebec / Québec"
"77",-74.9670803018084,45.8135197000859,"Argenteuil--La Petite-Nation","Argenteuil--La Petite-Nation","Argenteuil--La Petite-Nation","Quebec / Québec"
"78",-67.1354505951741,48.4337090585672,"Avignon--La Mitis--Matane--Matapédia","Avignon--La Mitis--Matane--Matapédia","Avignon--La Mitis--Matane--Matapédia","Quebec / Québec"
"79",-70.7339953456805,46.1576178045225,"Beauce","Beauce","Beauce","Quebec / Québec"
"80",-71.2113445943227,46.8578618127701,"Beauport--Limoilou","Beauport--Limoilou","Beauport--Limoilou","Quebec / Québec"
"81",-72.4924252579852,46.1883895141144,"Bécancour--Nicolet--Saurel","Bécancour--Nicolet--Saurel","Bécancour--Nicolet--Saurel","Quebec / Québec"
"82",-70.6000618182929,46.5829149842347,"Bellechasse--Les Etchemins--Lévis","Bellechasse--Les Etchemins--Lévis","Bellechasse--Les Etchemins--Lévis","Quebec / Québec"
"83",-73.20757651053,45.480685755684,"Beloeil--Chambly","Beloeil--Chambly","Beloeil--Chambly","Quebec / Québec"
"84",-73.191356497375,46.4195378267233,"Berthier--Maskinongé","Berthier--Maskinongé","Berthier--Maskinongé","Quebec / Québec"
"85",-73.8422649181605,45.6772652491472,"Thérèse-De Blainville","Thérèse-De Blainville","Thérèse-De Blainville","Quebec / Québec"
"86",-73.2602937105042,45.7120621164224,"Pierre-Boucher--Les Patriotes--Verchères","Pierre-Boucher--Les Patriotes--Verchères","Pierre-Boucher--Les Patriotes--Verchères","Quebec / Québec"
"87",-73.6330861020112,45.5974387713226,"Bourassa","Bourassa","Bourassa","Quebec / Québec"
"88",-72.6481581962878,45.1804365509352,"Brome--Missisquoi","Brome--Missisquoi","Brome--Missisquoi","Quebec / Québec"
"89",-73.4533485005002,45.4525623919543,"Brossard--Saint-Lambert","Brossard--Saint-Lambert","Brossard--Saint-Lambert","Quebec / Québec"
"90",-68.7266438800323,47.8880340058989,"Rimouski-Neigette--Témiscouata--Les Basques","Rimouski-Neigette--Témiscouata--Les Basques","Rimouski-Neigette--Témiscouata--Les Basques","Quebec / Québec"
"91",-71.3328821648224,46.9051802422565,"Charlesbourg--Haute-Saint-Charles","Charlesbourg--Haute-Saint-Charles","Charlesbourg--Haute-Saint-Charles","Quebec / Québec"
"92",-70.8829777019364,47.6401544030461,"Beauport--Côte-de-Beaupré--Île dOrléans--Charlevoix","Beauport--Côte-de-Beaupré--Île dOrléans--Charlevoix","Beauport--Côte-de-Beaupré--Île dOrléans--Charlevoix","Quebec / Québec"
"93",-73.5849346350637,45.2078424474204,"Châteauguay--Lacolle","Châteauguay--Lacolle","Châteauguay--Lacolle","Quebec / Québec"
"94",-70.5455264431283,48.2034823929317,"Chicoutimi--Le Fjord","Chicoutimi--Le Fjord","Chicoutimi--Le Fjord","Quebec / Québec"
"95",-71.6567234004096,45.3487406043656,"Compton--Stanstead","Compton--Stanstead","Compton--Stanstead","Quebec / Québec"
"96",-73.7232871220936,45.4550266198069,"Dorval--Lachine--LaSalle","Dorval--Lachine--LaSalle","Dorval--Lachine--LaSalle","Quebec / Québec"
"97",-72.4707412149443,45.8576470444267,"Drummond","Drummond","Drummond","Quebec / Québec"
"98",-65.3863930853556,48.7038313249685,"Gaspésie--Les Îles-de-la-Madeleine","Gaspésie--Les Îles-de-la-Madeleine","Gaspésie--Les Îles-de-la-Madeleine","Quebec / Québec"
"99",-75.6228459524915,45.5095384632405,"Gatineau","Gatineau","Gatineau","Quebec / Québec"
"100",-73.5472108991775,45.5660299917871,"Hochelaga","Hochelaga","Hochelaga","Quebec / Québec"
"101",-73.5638337190529,45.636369870009,"Honoré-Mercier","Honoré-Mercier","Honoré-Mercier","Quebec / Québec"
"102",-75.7853317044928,45.4237220569734,"Hull--Aylmer","Hull--Aylmer","Hull--Aylmer","Quebec / Québec"
"103",-73.9903504751388,46.6566205877374,"Joliette","Joliette","Joliette","Quebec / Québec"
"104",-70.6910962947154,50.2171024463541,"Jonquière","Jonquière","Jonquière","Quebec / Québec"
"105",-73.517251783955,45.6366291652415,"La Pointe-de-l'Île","La Pointe-de-l'Île","La Pointe-de-l'Île","Quebec / Québec"
"106",-73.538853059673,45.3607553850819,"La Prairie","La Prairie","La Prairie","Quebec / Québec"
"107",-72.5566890551627,49.5399936017991,"Lac-Saint-Jean","Lac-Saint-Jean","Lac-Saint-Jean","Quebec / Québec"
"108",-73.8812571254751,45.4435835542331,"Lac-Saint-Louis","Lac-Saint-Louis","Lac-Saint-Louis","Quebec / Québec"
"109",-73.6548583915516,45.4902903518076,"Mount Royal","Mont-Royal / Mount Royal","Mont-Royal","Quebec / Québec"
"110",-73.6210556823786,45.4734312745567,"Notre-Dame-de-Grâce--Westmount","Notre-Dame-de-Grâce--Westmount","Notre-Dame-de-Grâce--Westmount","Quebec / Québec"
"111",-80.4012258444471,43.4162194625067,"Kitchener South--Hespeler","Kitchener South--Hespeler / Kitchener-Sud--Hespeler","Kitchener-Sud--Hespeler","Ontario"
"112",-81.2592158020168,43.0144686770611,"London North Centre","London North Centre / London-Centre-Nord","London-Centre-Nord","Ontario"
"113",-79.2143626236694,42.9921356910446,"Niagara Centre","Niagara Centre / Niagara-Centre","Niagara-Centre","Ontario"
"114",-79.0855015382368,43.0469592841752,"Niagara Falls","Niagara Falls","Niagara Falls","Ontario"
"115",-79.4706408154329,43.0578999519181,"Niagara West","Niagara West / Niagara-Ouest","Niagara-Ouest","Ontario"
"116",-81.272333449957,47.0346090512415,"Nickel Belt","Nickel Belt","Nickel Belt","Ontario"
"117",-79.3365463840236,46.4779474054799,"Nipissing--Timiskaming","Nipissing--Timiskaming","Nipissing--Timiskaming","Ontario"
"118",-79.3210314705258,43.8346545535427,"Markham--Thornhill","Markham--Thornhill","Markham--Thornhill","Ontario"
"119",-79.3268706600504,43.8950507535164,"Markham--Unionville","Markham--Unionville","Markham--Unionville","Ontario"
"120",-78.101321081695,44.1441286253555,"Northumberland--Peterborough South","Northumberland--Peterborough South / Northumberland--Peterborough-Sud","Northumberland--Peterborough-Sud","Ontario"
"121",-79.6992600411527,43.4470993785832,"Oakville","Oakville","Oakville","Ontario"
"122",-75.7190123657181,45.395117171939,"Ottawa Centre","Ottawa Centre / Ottawa-Centre","Ottawa-Centre","Ontario"
"123",-75.5087524270161,45.4096900546546,"Orléans","Orléans","Orléans","Ontario"
"124",-75.6488477347662,45.3668558704455,"Ottawa South","Ottawa South / Ottawa-Sud","Ottawa-Sud","Ontario"
"125",-75.8274808423606,45.3614155700001,"Ottawa West--Nepean","Ottawa West--Nepean / Ottawa-Ouest--Nepean","Ottawa-Ouest--Nepean","Ontario"
"126",-80.7450557833093,43.1064864067559,"Oxford","Oxford","Oxford","Ontario"
"127",-79.741967666,44.5070230778356,"Barrie--Springwater--Oro-Medonte","Barrie--Springwater--Oro-Medonte","Barrie--Springwater--Oro-Medonte","Ontario"
"128",-77.24578190911,44.0126467491469,"Bay of Quinte","Bay of Quinte / Baie de Quinte","Baie de Quinte","Ontario"
"129",-79.306687937955,43.6895022179935,"Beaches--East York","Beaches--East York","Beaches--East York","Ontario"
"130",-79.7204151634282,43.7006343050975,"Brampton Centre","Brampton Centre / Brampton-Centre","Brampton-Centre","Ontario"
"131",-79.7001495895393,43.7744860594019,"Brampton East","Brampton East / Brampton-Est","Brampton-Est","Ontario"
"132",-79.7763029099342,43.7389785793057,"Brampton North","Brampton North / Brampton-Nord","Brampton-Nord","Ontario"
"133",-79.7564021486491,43.6645901815436,"Brampton South","Brampton South / Brampton-Sud","Brampton-Sud","Ontario"
"134",-79.8267539998118,43.6820509744758,"Brampton West","Brampton West / Brampton-Ouest","Brampton-Ouest","Ontario"
"135",-80.2360118267711,43.1143027504333,"Brantford--Brant","Brantford--Brant","Brantford--Brant","Ontario"
"136",-80.914853999042,44.4932684455532,"Bruce--Grey--Owen Sound","Bruce--Grey--Owen Sound","Bruce--Grey--Owen Sound","Ontario"
"137",-79.8205102565622,43.339465482727,"Burlington","Burlington","Burlington","Ontario"
"138",-80.3492339368563,43.3223941688158,"Cambridge","Cambridge","Cambridge","Ontario"
"139",-82.1873469942065,42.3107154279879,"Chatham-Kent--Leamington","Chatham-Kent--Leamington","Chatham-Kent--Leamington","Ontario"
"140",-79.3329711582613,43.7397179711656,"Don Valley East","Don Valley East / Don Valley-Est","Don Valley-Est","Ontario"
"141",-79.3753619407196,43.7284031818317,"Don Valley West","Don Valley West / Don Valley-Ouest","Don Valley-Ouest","Ontario"
"142",-79.4440448771724,43.6693786780621,"Davenport","Davenport","Davenport","Ontario"
"143",-79.3600166432927,43.7876106099931,"Don Valley North","Don Valley North / Don Valley-Nord","Don Valley-Nord","Ontario"
"144",-79.433832124199,43.7183112223608,"Eglinton--Lawrence","Eglinton--Lawrence","Eglinton--Lawrence","Ontario"
"145",-79.9839685775073,43.2573327525823,"Flamborough--Glanbrook","Flamborough--Glanbrook","Flamborough--Glanbrook","Ontario"
"146",-74.9320641368349,45.430260365989,"Glengarry--Prescott--Russell","Glengarry--Prescott--Russell","Glengarry--Prescott--Russell","Ontario"
"147",-80.2369350298618,43.5327776181942,"Guelph","Guelph","Guelph","Ontario"
"148",-80.1788752713904,42.8590823638171,"Haldimand--Norfolk","Haldimand--Norfolk","Haldimand--Norfolk","Ontario"
"149",-78.6593924728604,44.8277573656704,"Haliburton--Kawartha Lakes--Brock","Haliburton--Kawartha Lakes--Brock","Haliburton--Kawartha Lakes--Brock","Ontario"
"150",-79.8461130487521,43.2685017182873,"Hamilton Centre","Hamilton Centre / Hamilton-Centre","Hamilton-Centre","Ontario"
"151",-79.7406013933443,43.2308167393379,"Hamilton East--Stoney Creek","Hamilton East--Stoney Creek / Hamilton-Est--Stoney Creek","Hamilton-Est--Stoney Creek","Ontario"
"152",-79.8570685989189,43.2165386387604,"Hamilton Mountain","Hamilton Mountain","Hamilton Mountain","Ontario"
"153",-79.9682132234716,43.2354452713484,"Hamilton West--Ancaster--Dundas","Hamilton West--Ancaster--Dundas / Hamilton-Ouest--Ancaster--Dundas","Hamilton-Ouest--Ancaster--Dundas","Ontario"
"154",-73.7744397828498,45.6005314294959,"Marc-Aurèle-Fortin","Marc-Aurèle-Fortin","Marc-Aurèle-Fortin","Quebec / Québec"
"155",-72.7934371316686,45.6562170260397,"Saint-Hyacinthe--Bagot","Saint-Hyacinthe--Bagot","Saint-Hyacinthe--Bagot","Quebec / Québec"
"156",-73.3264966254597,45.2292537328557,"Saint-Jean","Saint-Jean","Saint-Jean","Quebec / Québec"
"157",-73.7126322746962,45.4983368178751,"Saint-Laurent","Saint-Laurent","Saint-Laurent","Quebec / Québec"
"158",-83.4811762844674,48.3814226955556,"Algoma--Manitoulin--Kapuskasing","Algoma--Manitoulin--Kapuskasing","Algoma--Manitoulin--Kapuskasing","Ontario"
"159",-79.4350158759186,43.9467897523672,"Aurora--Oak Ridges--Richmond Hill","Aurora--Oak Ridges--Richmond Hill","Aurora--Oak Ridges--Richmond Hill","Ontario"
"160",-73.9903157260008,45.8569413772319,"Rivière-du-Nord","Rivière-du-Nord","Rivière-du-Nord","Quebec / Québec"
"161",-73.586854525463,45.5457555056823,"Rosemont--La Petite-Patrie","Rosemont--La Petite-Patrie","Rosemont--La Petite-Patrie","Quebec / Québec"
"162",-79.0275655471685,43.8690701895556,"Ajax","Ajax","Ajax","Ontario"
"163",-79.6168364124645,44.2928852464548,"Barrie--Innisfil","Barrie--Innisfil","Barrie--Innisfil","Ontario"
"164",-77.436011330812,44.7380246516695,"Hastings--Lennox and Addington","Hastings--Lennox and Addington","Hastings--Lennox and Addington","Ontario"
"165",-81.4060116664336,43.8609856845182,"Huron--Bruce","Huron--Bruce","Huron--Bruce","Ontario"
"166",-76.0970712457039,45.3710495085018,"Kanata--Carleton","Kanata--Carleton","Kanata--Carleton","Ontario"
"167",-90.7555464046232,52.7575834137147,"Kenora","Kenora","Kenora","Ontario"
"168",-79.6038861543313,43.9310075044719,"King--Vaughan","King--Vaughan","King--Vaughan","Ontario"
"169",-76.4719476073163,44.2677696344203,"Kingston and the Islands","Kingston and the Islands / Kingston et les Îles","Kingston et les Îles","Ontario"
"170",-80.4706853344603,43.4486822972108,"Kitchener Centre","Kitchener Centre / Kitchener-Centre","Kitchener-Centre","Ontario"
"171",-80.6122632897606,43.5016633617894,"Kitchener--Conestoga","Kitchener--Conestoga","Kitchener--Conestoga","Ontario"
"172",-81.8227274757336,42.8697392544081,"Lambton--Kent--Middlesex","Lambton--Kent--Middlesex","Lambton--Kent--Middlesex","Ontario"
"173",-76.5563158353971,44.8645662594271,"Lanark--Frontenac--Kingston","Lanark--Frontenac--Kingston","Lanark--Frontenac--Kingston","Ontario"
"174",-75.9206259935097,44.6963689407859,"Leeds--Grenville--Thousand Islands and Rideau Lakes","Leeds--Grenville--Thousand Islands and Rideau Lakes / Leeds--Grenville--Thousand Islands et Rideau Lakes","Leeds--Grenville--Thousand Islands et Rideau Lakes","Ontario"
"175",-81.180792709355,42.9925995782713,"London--Fanshawe","London--Fanshawe","London--Fanshawe","Ontario"
"176",-81.3197416146483,42.9738144230342,"London West","London West / London-Ouest","London-Ouest","Ontario"
"177",-79.2987511244525,43.9823538154909,"Markham--Stouffville","Markham--Stouffville","Markham--Stouffville","Ontario"
"178",-79.9338651974737,43.4995144526659,"Milton","Milton","Milton","Ontario"
"179",-79.6062136100363,43.6067020803168,"Mississauga East--Cooksville","Mississauga East--Cooksville / Mississauga-Est--Cooksville","Mississauga-Est--Cooksville","Ontario"
"180",-79.6304406475056,43.5230102602919,"Mississauga--Lakeshore","Mississauga--Lakeshore","Mississauga--Lakeshore","Ontario"
"181",-79.6577221978522,43.6576872942673,"Mississauga--Malton","Mississauga--Malton","Mississauga--Malton","Ontario"
"182",-79.7534206392416,43.5889431668721,"Mississauga--Streetsville","Mississauga--Streetsville","Mississauga--Streetsville","Ontario"
"183",-79.4201090780152,43.8614496134663,"Richmond Hill","Richmond Hill","Richmond Hill","Ontario"
"184",-79.4139756811427,43.6905506728794,"Toronto--St. Paul's","Toronto--St. Paul's","Toronto--St. Paul's","Ontario"
"185",-79.3081150989589,43.7964887957738,"Scarborough--Agincourt","Scarborough--Agincourt","Scarborough--Agincourt","Ontario"
"186",-79.2765826237139,43.7527680870408,"Scarborough Centre","Scarborough Centre / Scarborough-Centre","Scarborough-Centre","Ontario"
"187",-79.659292958581,43.5809829054988,"Mississauga Centre","Mississauga Centre / Mississauga-Centre","Mississauga-Centre","Ontario"
"188",-79.7082894620926,43.5452882688448,"Mississauga--Erin Mills","Mississauga--Erin Mills","Mississauga--Erin Mills","Ontario"
"189",-79.6968993557153,45.5066105323261,"Parry Sound--Muskoka","Parry Sound--Muskoka","Parry Sound--Muskoka","Ontario"
"190",-80.9049104682201,43.6272876487472,"Perth--Wellington","Perth--Wellington","Perth--Wellington","Ontario"
"191",-78.1990448612956,44.6111973577634,"Peterborough--Kawartha","Peterborough--Kawartha","Peterborough--Kawartha","Ontario"
"192",-79.1619532357938,44.0443247653162,"Pickering--Uxbridge","Pickering--Uxbridge","Pickering--Uxbridge","Ontario"
"193",-77.5451811932169,45.6798464292452,"Renfrew--Nipissing--Pembroke","Renfrew--Nipissing--Pembroke","Renfrew--Nipissing--Pembroke","Ontario"
"194",-75.7068580099802,45.1744885984286,"Carleton","Carleton","Carleton","Ontario"
"195",-79.2363244990848,43.1778585199121,"St. Catharines","St. Catharines","St. Catharines","Ontario"
"196",-82.2422938968257,42.864527496657,"Sarnia--Lambton","Sarnia--Lambton","Sarnia--Lambton","Ontario"
"197",-84.1782376557823,46.926153632315,"Sault Ste. Marie","Sault Ste. Marie","Sault Ste. Marie","Ontario"
"198",-79.2147208543809,43.7659510768401,"Scarborough--Guildwood","Scarborough--Guildwood","Scarborough--Guildwood","Ontario"
"199",-91.3461054741454,48.8301753751028,"Thunder Bay--Rainy River","Thunder Bay--Rainy River","Thunder Bay--Rainy River","Ontario"
"200",-79.2546580818733,43.8096516196731,"Scarborough North","Scarborough North / Scarborough-Nord","Scarborough-Nord","Ontario"
"201",-79.1769345533875,43.8057262434697,"Scarborough--Rouge Park","Scarborough--Rouge Park","Scarborough--Rouge Park","Ontario"
"202",-79.2600151007421,43.7136790976531,"Scarborough Southwest","Scarborough Southwest / Scarborough-Sud-Ouest","Scarborough-Sud-Ouest","Ontario"
"203",-80.022116395394,44.2902917904636,"Simcoe--Grey","Simcoe--Grey","Simcoe--Grey","Ontario"
"204",-79.5369697223794,44.6731409425217,"Simcoe North","Simcoe North / Simcoe-Nord","Simcoe-Nord","Ontario"
"205",-79.3975971024274,43.6428874720559,"Spadina--Fort York","Spadina--Fort York","Spadina--Fort York","Ontario"
"206",-75.0126897580858,45.1024971561655,"Stormont--Dundas--South Glengarry","Stormont--Dundas--South Glengarry","Stormont--Dundas--South Glengarry","Ontario"
"207",-81.29443531246,46.4065968464308,"Sudbury","Sudbury","Sudbury","Ontario"
"208",-79.4778259595008,43.811755147723,"Thornhill","Thornhill","Thornhill","Ontario"
"209",-75.7768764894558,45.2722179712971,"Nepean","Nepean","Nepean","Ontario"
"210",-79.4588029562429,44.0401422094102,"Newmarket--Aurora","Newmarket--Aurora","Newmarket--Aurora","Ontario"
"211",-114.042010190898,50.9088308388896,"Calgary Midnapore","Calgary Midnapore","Calgary Midnapore","Alberta"
"212",-114.100348413598,51.1372204874172,"Calgary Nose Hill","Calgary Nose Hill","Calgary Nose Hill","Alberta"
"213",-114.189753664143,51.1533454095904,"Calgary Rocky Ridge","Calgary Rocky Ridge","Calgary Rocky Ridge","Alberta"
"214",-113.940374166456,50.9444596710078,"Calgary Shepard","Calgary Shepard","Calgary Shepard","Alberta"
"215",-114.200015698053,51.0547392768759,"Calgary Signal Hill","Calgary Signal Hill","Calgary Signal Hill","Alberta"
"216",-113.993856523396,51.1440952180151,"Calgary Skyview","Calgary Skyview","Calgary Skyview","Alberta"
"217",-79.7681598409065,43.4456462209388,"Oakville North--Burlington","Oakville North--Burlington / Oakville-Nord--Burlington","Oakville-Nord--Burlington","Ontario"
"218",-78.8555961950503,43.8969461735396,"Oshawa","Oshawa","Oshawa","Ontario"
"219",-113.562539257366,53.4551650864644,"Edmonton Riverbend","Edmonton Riverbend","Edmonton Riverbend","Alberta"
"220",-113.453485503447,53.512879742281,"Edmonton Strathcona","Edmonton Strathcona","Edmonton Strathcona","Alberta"
"221",-113.651171180788,53.5061970880575,"Edmonton West","Edmonton West / Edmonton-Ouest","Edmonton-Ouest","Alberta"
"222",-113.849760341189,53.0603592679751,"Edmonton--Wetaskiwin","Edmonton--Wetaskiwin","Edmonton--Wetaskiwin","Alberta"
"223",-114.166987993534,50.1345827011367,"Foothills","Foothills","Foothills","Alberta"
"224",-112.143077996644,57.3863272606996,"Fort McMurray--Cold Lake","Fort McMurray--Cold Lake","Fort McMurray--Cold Lake","Alberta"
"225",-118.130564877928,57.7770688150035,"Grande Prairie--Mackenzie","Grande Prairie--Mackenzie","Grande Prairie--Mackenzie","Alberta"
"226",-111.777878005051,54.0113041909413,"Lakeland","Lakeland","Lakeland","Alberta"
"227",-112.767591873951,49.8437671075107,"Lethbridge","Lethbridge","Lethbridge","Alberta"
"228",-111.329247121163,49.6601633829905,"Medicine Hat--Cardston--Warner","Medicine Hat--Cardston--Warner","Medicine Hat--Cardston--Warner","Alberta"
"229",-75.6381891612824,45.4442414492355,"Ottawa--Vanier","Ottawa--Vanier","Ottawa--Vanier","Ontario"
"230",-79.467219800916,43.650111642339,"Parkdale--High Park","Parkdale--High Park","Parkdale--High Park","Ontario"
"231",-87.9747991270777,49.9560842288585,"Thunder Bay--Superior North","Thunder Bay--Superior North / Thunder Bay--Supérieur-Nord","Thunder Bay--Supérieur-Nord","Ontario"
"232",-83.3289784504071,51.8042834598469,"Timmins--James Bay","Timmins--James Bay / Timmins--Baie James","Timmins--Baie James","Ontario"
"233",-115.760573133855,56.1828543159803,"Peace River--Westlock","Peace River--Westlock","Peace River--Westlock","Alberta"
"234",-114.021013427137,51.8959527610609,"Red Deer--Mountain View","Red Deer--Mountain View","Red Deer--Mountain View","Alberta"
"235",-113.814710152596,52.5727785811,"Red Deer--Lacombe","Red Deer--Lacombe","Red Deer--Lacombe","Alberta"
"236",-113.613189854731,53.6222833882403,"St. Albert--Edmonton","St. Albert--Edmonton","St. Albert--Edmonton","Alberta"
"237",-113.102088583933,53.5728468129595,"Sherwood Park--Fort Saskatchewan","Sherwood Park--Fort Saskatchewan","Sherwood Park--Fort Saskatchewan","Alberta"
"238",-113.803729876776,53.7478503711659,"Sturgeon River--Parkland","Sturgeon River--Parkland","Sturgeon River--Parkland","Alberta"
"239",-79.3700543558965,43.6601268448221,"Toronto Centre","Toronto Centre / Toronto-Centre","Toronto-Centre","Ontario"
"240",-79.3398909213851,43.6686226596422,"Toronto--Danforth","Toronto--Danforth","Toronto--Danforth","Ontario"
"241",-79.3943122167717,43.6711409789719,"University--Rosedale","University--Rosedale","University--Rosedale","Ontario"
"242",-79.6011941454649,43.79860316139,"Vaughan--Woodbridge","Vaughan--Woodbridge","Vaughan--Woodbridge","Ontario"
"243",-80.5351930531598,43.4804034292713,"Waterloo","Waterloo","Waterloo","Ontario"
"244",-80.1975407306082,43.6401670968233,"Wellington--Halton Hills","Wellington--Halton Hills","Wellington--Halton Hills","Ontario"
"245",-78.9652496476547,43.9330873862131,"Whitby","Whitby","Whitby","Ontario"
"246",-79.4164810730661,43.7768890590297,"Willowdale","Willowdale","Willowdale","Ontario"
"247",-82.9295926327289,42.2602016297455,"Windsor--Tecumseh","Windsor--Tecumseh","Windsor--Tecumseh","Ontario"
"248",-83.0279560641816,42.2772944522759,"Windsor West","Windsor West / Windsor-Ouest","Windsor-Ouest","Ontario"
"249",-79.4677712350556,43.7525519347535,"York Centre","York Centre / York-Centre","York-Centre","Ontario"
"250",-79.4231394583293,44.2372126463409,"York--Simcoe","York--Simcoe","York--Simcoe","Ontario"
"251",-79.49334009774,43.6949394149079,"York South--Weston","York South--Weston / York-Sud--Weston","York-Sud--Weston","Ontario"
"252",-79.5301925313896,43.7507497627839,"Humber River--Black Creek","Humber River--Black Creek","Humber River--Black Creek","Ontario"
"253",-100.166744954264,49.4438353402045,"Brandon--Souris","Brandon--Souris","Brandon--Souris","Manitoba"
"254",-97.3387638892515,49.8679128786217,"Charleswood--St. James--Assiniboia--Headingley","Charleswood--St. James--Assiniboia--Headingley","Charleswood--St. James--Assiniboia--Headingley","Manitoba"
"255",-97.0755543738367,49.8515781815911,"Saint Boniface--Saint Vital","Saint Boniface--Saint Vital / Saint-Boniface--Saint-Vital","Saint-Boniface--Saint-Vital","Manitoba"
"256",-97.1804768040182,49.8996464161988,"Winnipeg Centre","Winnipeg Centre / Winnipeg-Centre","Winnipeg-Centre","Manitoba"
"257",-97.0926226466741,55.939234811115,"Churchill--Keewatinook Aski","Churchill--Keewatinook Aski","Churchill--Keewatinook Aski","Manitoba"
"258",-100.292885651771,51.2771928647483,"Dauphin--Swan River--Neepawa","Dauphin--Swan River--Neepawa","Dauphin--Swan River--Neepawa","Manitoba"
"259",-97.037475345281,49.9044842814911,"Elmwood--Transcona","Elmwood--Transcona","Elmwood--Transcona","Manitoba"
"260",-97.0874697924542,49.9929555579942,"Kildonan--St. Paul","Kildonan--St. Paul","Kildonan--St. Paul","Manitoba"
"261",-98.0587686261675,49.547877968271,"Portage--Lisgar","Portage--Lisgar","Portage--Lisgar","Manitoba"
"262",-96.1301326488333,49.5630786541898,"Provencher","Provencher","Provencher","Manitoba"
"263",-97.361021047046,50.6736755337486,"Selkirk--Interlake--Eastman","Selkirk--Interlake--Eastman","Selkirk--Interlake--Eastman","Manitoba"
"264",-97.1449591328037,49.7799789522406,"Winnipeg South","Winnipeg South / Winnipeg-Sud","Winnipeg-Sud","Manitoba"
"265",-97.1792225149518,49.8490793042947,"Winnipeg South Centre","Winnipeg South Centre / Winnipeg-Centre-Sud","Winnipeg-Centre-Sud","Manitoba"
"266",-109.037401850395,52.7481165160386,"Battlefords--Lloydminster","Battlefords--Lloydminster","Battlefords--Lloydminster","Saskatchewan"
"267",-108.009192876926,50.1586444749706,"Cypress Hills--Grasslands","Cypress Hills--Grasslands","Cypress Hills--Grasslands","Saskatchewan"
"268",-105.935680227796,56.7124734995131,"Desnethé--Missinippi--Churchill River","Desnethé--Missinippi--Churchill River / Desnethé--Missinippi--Rivière Churchill","Desnethé--Missinippi--Rivière Churchill","Saskatchewan"
"269",-106.960537313332,52.2839651550776,"Carlton Trail--Eagle Creek","Carlton Trail--Eagle Creek /Sentier Carlton--Eagle Creek","Sentier Carlton--Eagle Creek","Saskatchewan"
"270",-105.516029700182,51.1127537419652,"Moose Jaw--Lake Centre--Lanigan","Moose Jaw--Lake Centre--Lanigan","Moose Jaw--Lake Centre--Lanigan","Saskatchewan"
"271",-104.653356973598,53.1503909339905,"Prince Albert","Prince Albert","Prince Albert","Saskatchewan"
"272",-104.665297352201,50.4586694933174,"Regina--Lewvan","Regina--Lewvan","Regina--Lewvan","Saskatchewan"
"273",-103.939138530809,51.0648289900499,"Regina--Qu'Appelle","Regina--Qu'Appelle","Regina--Qu'Appelle","Saskatchewan"
"274",-104.551012463198,50.4266931576988,"Regina--Wascana","Regina--Wascana","Regina--Wascana","Saskatchewan"
"275",-106.570569879562,52.0473742826012,"Saskatoon--Grasswood","Saskatoon--Grasswood","Saskatoon--Grasswood","Saskatchewan"
"276",-106.587426209174,52.1587541157541,"Saskatoon--University","Saskatoon--University","Saskatoon--University","Saskatchewan"
"277",-106.709945456981,52.1500011338791,"Saskatoon West","Saskatoon West / Saskatoon-Ouest","Saskatoon-Ouest","Saskatchewan"
"278",-103.260027440399,49.6845960824556,"Souris--Moose Mountain","Souris--Moose Mountain","Souris--Moose Mountain","Saskatchewan"
"279",-102.761245117309,51.9480990597799,"Yorkton--Melville","Yorkton--Melville","Yorkton--Melville","Saskatchewan"
"280",-115.509097661507,51.4464094249875,"Banff--Airdrie","Banff--Airdrie","Banff--Airdrie","Alberta"
"281",-111.553688834894,52.0760943854794,"Battle River--Crowfoot","Battle River--Crowfoot","Battle River--Crowfoot","Alberta"
"282",-112.616954183546,50.6549009545465,"Bow River","Bow River","Bow River","Alberta"
"283",-114.074919100377,51.022330651118,"Calgary Centre","Calgary Centre / Calgary-Centre","Calgary-Centre","Alberta"
"284",-114.103550835498,51.0771838696659,"Calgary Confederation","Calgary Confederation","Calgary Confederation","Alberta"
"285",-113.952482820559,51.0606226118232,"Calgary Forest Lawn","Calgary Forest Lawn","Calgary Forest Lawn","Alberta"
"286",-97.1800384588289,49.9428429282334,"Winnipeg North","Winnipeg North / Winnipeg-Nord","Winnipeg-Nord","Manitoba"
"287",-122.924113946293,49.2155553681209,"New Westminster--Burnaby","New Westminster--Burnaby","New Westminster--Burnaby","British Columbia / Colombie-Britannique"
"288",-114.125378326298,50.9405453592249,"Calgary Heritage","Calgary Heritage","Calgary Heritage","Alberta"
"289",-113.546237507235,53.5483079035984,"Edmonton Centre","Edmonton Centre / Edmonton-Centre","Edmonton-Centre","Alberta"
"290",-113.420194033392,53.4611269859763,"Edmonton Mill Woods","Edmonton Mill Woods","Edmonton Mill Woods","Alberta"
"291",-116.938051300874,53.2353322017652,"Yellowhead","Yellowhead","Yellowhead","Alberta"
"292",-122.217845469036,49.042905323612,"Abbotsford","Abbotsford","Abbotsford","British Columbia / Colombie-Britannique"
"293",-122.953684206667,49.3607761258159,"Burnaby North--Seymour","Burnaby North--Seymour / Burnaby-Nord--Seymour","Burnaby-Nord--Seymour","British Columbia / Colombie-Britannique"
"294",-123.317091414753,52.5462938841069,"Cariboo--Prince George","Cariboo--Prince George","Cariboo--Prince George","British Columbia / Colombie-Britannique"
"295",-120.382596098376,49.7522106049701,"Central Okanagan--Similkameen--Nicola","Central Okanagan--Similkameen--Nicola","Central Okanagan--Similkameen--Nicola","British Columbia / Colombie-Britannique"
"296",-121.391703706113,49.1961972117565,"Chilliwack--Hope","Chilliwack--Hope","Chilliwack--Hope","British Columbia / Colombie-Britannique"
"297",-122.732296656636,49.4309631741223,"Coquitlam--Port Coquitlam","Coquitlam--Port Coquitlam","Coquitlam--Port Coquitlam","British Columbia / Colombie-Britannique"
"298",-125.260291745952,49.2448968730613,"Courtenay--Alberni","Courtenay--Alberni","Courtenay--Alberni","British Columbia / Colombie-Britannique"
"299",-124.119512976406,48.7044025041856,"Cowichan--Malahat--Langford","Cowichan--Malahat--Langford","Cowichan--Malahat--Langford","British Columbia / Colombie-Britannique"
"300",-123.018268092282,49.0982880885315,"Delta","Delta","Delta","British Columbia / Colombie-Britannique"
"301",-122.981535821812,49.2289157154973,"Burnaby South","Burnaby South / Burnaby-Sud","Burnaby-Sud","British Columbia / Colombie-Britannique"
"302",-120.432674081067,51.5591440386579,"Kamloops--Thompson--Cariboo","Kamloops--Thompson--Cariboo","Kamloops--Thompson--Cariboo","British Columbia / Colombie-Britannique"
"303",-119.248979708181,49.9283843453799,"Kelowna--Lake Country","Kelowna--Lake Country","Kelowna--Lake Country","British Columbia / Colombie-Britannique"
"304",-113.467481720976,53.582305218476,"Edmonton Griesbach","Edmonton Griesbach","Edmonton Griesbach","Alberta"
"305",-113.374288981603,53.6433898145178,"Edmonton Manning","Edmonton Manning","Edmonton Manning","Alberta"
"306",-123.170287150894,49.1801964554871,"Richmond Centre","Richmond Centre / Richmond-Centre","Richmond-Centre","British Columbia / Colombie-Britannique"
"307",-129.10195454233,56.722095345619,"Skeena--Bulkley Valley","Skeena--Bulkley Valley","Skeena--Bulkley Valley","British Columbia / Colombie-Britannique"
"308",-118.366497733147,49.5518651829833,"South Okanagan--West Kootenay","South Okanagan--West Kootenay / Okanagan-Sud--Kootenay-Ouest","Okanagan-Sud--Kootenay-Ouest","British Columbia / Colombie-Britannique"
"309",-122.772925929845,49.058538647458,"South Surrey--White Rock","South Surrey--White Rock / Surrey-Sud--White Rock","Surrey-Sud--White Rock","British Columbia / Colombie-Britannique"
"310",-123.079387656797,49.1546363087312,"Steveston--Richmond East","Steveston--Richmond East / Steveston--Richmond-Est","Steveston--Richmond-Est","British Columbia / Colombie-Britannique"
"311",-122.854831275746,49.191449724554,"Surrey Centre","Surrey Centre / Surrey-Centre","Surrey-Centre","British Columbia / Colombie-Britannique"
"312",-122.856537345848,49.1351820211783,"Surrey--Newton","Surrey--Newton","Surrey--Newton","British Columbia / Colombie-Britannique"
"313",-122.75742184129,49.17413276029,"Fleetwood--Port Kells","Fleetwood--Port Kells","Fleetwood--Port Kells","British Columbia / Colombie-Britannique"
"314",-116.658362968939,50.5019622078222,"Kootenay--Columbia","Kootenay--Columbia","Kootenay--Columbia","British Columbia / Colombie-Britannique"
"315",-122.545049989267,49.0892839230688,"Langley--Aldergrove","Langley--Aldergrove","Langley--Aldergrove","British Columbia / Colombie-Britannique"
"316",-122.027427530311,50.279395379796,"Mission--Matsqui--Fraser Canyon","Mission--Matsqui--Fraser Canyon","Mission--Matsqui--Fraser Canyon","British Columbia / Colombie-Britannique"
"317",-124.179915763753,49.0951810462338,"Nanaimo--Ladysmith","Nanaimo--Ladysmith","Nanaimo--Ladysmith","British Columbia / Colombie-Britannique"
"318",-118.814814273373,50.5891309000022,"North Okanagan--Shuswap","North Okanagan--Shuswap","North Okanagan--Shuswap","British Columbia / Colombie-Britannique"
"319",-123.017346760826,49.4432508244493,"North Vancouver","North Vancouver","North Vancouver","British Columbia / Colombie-Britannique"
"320",-122.543982744747,49.5610476881771,"Pitt Meadows--Maple Ridge","Pitt Meadows--Maple Ridge","Pitt Meadows--Maple Ridge","British Columbia / Colombie-Britannique"
"321",-122.854932640231,49.2941613545004,"Port Moody--Coquitlam","Port Moody--Coquitlam","Port Moody--Coquitlam","British Columbia / Colombie-Britannique"
"322",-122.879114617882,57.0583063498736,"Prince George--Peace River--Northern Rockies","Prince George--Peace River--Northern Rockies","Prince George--Peace River--Northern Rockies","British Columbia / Colombie-Britannique"
"323",-123.605394009177,48.4172378894417,"Esquimalt--Saanich--Sooke","Esquimalt--Saanich--Sooke","Esquimalt--Saanich--Sooke","British Columbia / Colombie-Britannique"
"324",-123.497372121808,48.8138160983361,"Saanich--Gulf Islands","Saanich--Gulf Islands","Saanich--Gulf Islands","British Columbia / Colombie-Britannique"
"325",-123.132649143696,49.2872770048441,"Vancouver Centre","Vancouver Centre / Vancouver-Centre","Vancouver-Centre","British Columbia / Colombie-Britannique"
"326",-123.063311448373,49.2736761621907,"Vancouver East","Vancouver East / Vancouver-Est","Vancouver-Est","British Columbia / Colombie-Britannique"
"327",-122.717539002293,49.1231178845192,"Cloverdale--Langley City","Cloverdale--Langley City","Cloverdale--Langley City","British Columbia / Colombie-Britannique"
"328",-123.129983978441,49.238010552202,"Vancouver Granville","Vancouver Granville","Vancouver Granville","British Columbia / Colombie-Britannique"
"329",-125.791800313137,51.1198051123149,"North Island--Powell River","North Island--Powell River","North Island--Powell River","British Columbia / Colombie-Britannique"
"330",-123.061664649048,49.2449572082792,"Vancouver Kingsway","Vancouver Kingsway","Vancouver Kingsway","British Columbia / Colombie-Britannique"
"331",-123.198238744036,49.2491764839268,"Vancouver Quadra","Vancouver Quadra","Vancouver Quadra","British Columbia / Colombie-Britannique"
"332",-123.0694497121,49.218708325178,"Vancouver South","Vancouver South / Vancouver-Sud","Vancouver-Sud","British Columbia / Colombie-Britannique"
"333",-123.330679296547,48.4369678659491,"Victoria","Victoria","Victoria","British Columbia / Colombie-Britannique"
"334",-123.317693966404,50.1302289785785,"West Vancouver--Sunshine Coast--Sea to Sky Country","West Vancouver--Sunshine Coast--Sea to Sky Country","West Vancouver--Sunshine Coast--Sea to Sky Country","British Columbia / Colombie-Britannique"
"335",-135.509948982932,63.6292121402918,"Yukon","Yukon","Yukon","Yukon"
"336",-119.643285208225,64.3674096901622,"Northwest Territories","Northwest Territories / Territoires du Nord-Ouest","Territoires du Nord-Ouest","Northwest Territories / Territoires du Nord-Ouest"
"337",-98.6428996941931,65.9158684442338,"Nunavut","Nunavut","Nunavut","Nunavut"
